Question,Correct Answer,Given Answer,Score,Justification,Execution Time (s)
What does Harry accidentally do when he goes to the zoo?,Make the glass in the snake enclosure disappear,Harry accidentally sets a boa constrictor named Reginald on his cousin Dudley at the zoo.,0,The given answer is wrong as Harry does not make a snake cause the glass in the snake enclosure disappear but sets a boa constictor named Reginald on his cousin Dudley.,4.21
What are the names of Severus Snape's parents?,Tobias Snape (father) and Eileen Snape (Prince) (mother),Tobias Snape (father) and Eileen Prince (mother),2,"The given answer is incomplete as it only lists the name of one parent correctly, but fails to mention the name of the other parent. However, everything stated in the answer is correct.",2.73
"What is the name of the Quidditch move where a seeker fake's seeing the snitch and dives to the ground but pullsout of the dive just in time, but the opposing seeker plummets to the ground?",Wronsky Feint,"The name of this Quidditch move is called `Beside-yourself` or `Bamboo-line`. When a seeker pretends to have spotted the Snitch and dives toward it, but then quickly pulls out of the dive, leaving the opposing seeker to plunge to the ground.",0,The given answer is incorrect as the name of the move is 'Wronsky Feint' and not 'Beside-yourself' or 'Bamboo-line',7.81
What is the first-ever password to Gryffindor Tower?,Caput Draconis,There is no mention of the first-ever password to Gryffindor Tower in the given text.,1,The given answer correctly states that no answer can be given based on the information provided.,2.68
Why did Cormac McLaggen miss the Quidditch tryouts in the year previous to Harry Potter and the Half-Blood Prince?,He ate a pound of doxy eggs for a bet.,There is no information provided in the text about why Cormac McLaggen missed the Quiddich tryouts in the year prior to Harry Potter and the Half-Blood Prince.,1,The given answer is empty or states that no answer can be given.,4.47
What magical plant does Harry use to breathe underwater during the second task of the Triwizard Tournament?,Gillyweed,Gillyweed,3,The given answer matches the correct answer exactly. Both answers refer to the same magical plant that Harry uses to breathe underwater during the second task of the Triwizard Tournament.,4.25
"Who is the ghost of Ravenclaw Tower, also known as 'The Grey Lady'?",Helena Ravenclaw,"The Grey Lady is the ghost of Rowena Ravenclaw, the founder of Ravenclaw House at Hogwarts.",3,"The given answer is both correct and complete. It correctly identifies The Grey Lady as the ghost of Rowena Ravenclaw, who is indeed the founder of Ravenclaw House at Hogwarts.",3.54
What is the core of Harry Potter's wand?,Phoenix feather,Harry Potter's wand core is made of phoenix feather.,3,The given answer is a complete and correct restatement of the correct answer.,2.78
Which potion allows the drinker to assume the form of someone else?,Polyjuice Potion,Polyjuice Potion,3,"The given answer is the same as the correct answer. Both are names of a potion in Harry Potter series, and they both represent the potion that allows the drinker to assume the form of someone else.",2.81
"Who destroys the final Horcrux, Nagini?",Neville Longbottom,Neville Longbottom,3,"The given and correct answers are the same, so both are correct and complete. Therefore, the points awarded is 3.",2.67
Total Score,,,19/30,63.33%,Mean Execution Time: 3.80s
